{"epoch": 60, "best_val_acc": 0.6405228758169934, "patience_cnt": 1, "hist": {"train_loss": [1.72874, 1.63084, 1.61376, 1.59218, 1.57835, 1.55573, 1.55784, 1.52743, 1.53009, 1.51859, 1.50836, 1.49671, 1.48556, 1.47764, 1.48221, 1.45715, 1.44953, 1.43799, 1.43342, 1.43406, 1.42216, 1.42097, 1.40355, 1.41581, 1.39405, 1.37749, 1.39575, 1.37259, 1.37642, 1.3622, 1.35585, 1.35818, 1.3442, 1.34058, 1.34101, 1.32644, 1.32428, 1.31796, 1.31797, 1.30744, 1.29841, 1.28782, 1.28852, 1.27852, 1.26658, 1.26987, 1.2537, 1.23749, 1.22185, 1.21899, 1.22446, 1.22292, 1.21606, 1.20782, 1.2113, 1.20599, 1.1998, 1.19916, 1.18598, 1.19704], "val_loss": [1.69106, 1.66052, 1.65369, 1.60273, 1.60315, 1.58063, 1.5701, 1.55761, 1.53307, 1.52712, 1.50827, 1.56113, 1.52893, 1.54657, 1.55073, 1.46807, 1.48512, 1.46138, 1.4626, 1.45883, 1.44149, 1.45388, 1.46018, 1.40971, 1.3965, 1.44242, 1.4436, 1.38152, 1.3847, 1.40121, 1.38873, 1.37799, 1.421, 1.36697, 1.35229, 1.34696, 1.34589, 1.33022, 1.30259, 1.38016, 1.29098, 1.30338, 1.30949, 1.29697, 1.29263, 1.30132, 1.26941, 1.27002, 1.25403, 1.26745, 1.25539, 1.28211, 1.24747, 1.26209, 1.2221, 1.24444, 1.22217, 1.25744, 1.20732, 1.23016], "train_acc": [0.33995, 0.40527, 0.41062, 0.42036, 0.43927, 0.45015, 0.44843, 0.4618, 0.46276, 0.46715, 0.47441, 0.4725, 0.48472, 0.49083, 0.48529, 0.49924, 0.51451, 0.50802, 0.51451, 0.51681, 0.51833, 0.51986, 0.53209, 0.52024, 0.53858, 0.55176, 0.53514, 0.55233, 0.54221, 0.56283, 0.56322, 0.55978, 0.56837, 0.57219, 0.56971, 0.57582, 0.57735, 0.5783, 0.58422, 0.58499, 0.59148, 0.60218, 0.59244, 0.60027, 0.61746, 0.60752, 0.61536, 0.6251, 0.6335, 0.64018, 0.62968, 0.63121, 0.63407, 0.64228, 0.64591, 0.63675, 0.64725, 0.63751, 0.65069, 0.64763], "val_acc": [0.31863, 0.31536, 0.35131, 0.36111, 0.35621, 0.37745, 0.37908, 0.39379, 0.41176, 0.4281, 0.44608, 0.39869, 0.4085, 0.4085, 0.40523, 0.45915, 0.43791, 0.45098, 0.47059, 0.44935, 0.46242, 0.46569, 0.45588, 0.4951, 0.50654, 0.47386, 0.47712, 0.5049, 0.52451, 0.50327, 0.5049, 0.52451, 0.4951, 0.52614, 0.54248, 0.51961, 0.54902, 0.54085, 0.58333, 0.51797, 0.56863, 0.5719, 0.55882, 0.56209, 0.56863, 0.55392, 0.59967, 0.56863, 0.5817, 0.5915, 0.58333, 0.5768, 0.60784, 0.60294, 0.61111, 0.60131, 0.62582, 0.60784, 0.64052, 0.61111]}}