{"epoch": 30, "best_val_acc": 0.8316993464052288, "patience_cnt": 1, "hist": {"train_loss": [1.91041, 1.80144, 1.58637, 1.32017, 1.13359, 0.99788, 0.92033, 0.85655, 0.82378, 0.78811, 0.76492, 0.73987, 0.72347, 0.70175, 0.68312, 0.67783, 0.66994, 0.65221, 0.64363, 0.62859, 0.61766, 0.6092, 0.60401, 0.5959, 0.59569, 0.58378, 0.5764, 0.57086, 0.5659, 0.56565], "val_loss": [1.8846, 1.76794, 1.56181, 1.36842, 1.22489, 1.11028, 1.0422, 0.99104, 0.97464, 0.94842, 0.92887, 0.91675, 0.90765, 0.9048, 0.89607, 0.89618, 0.88649, 0.88286, 0.87787, 0.89388, 0.87256, 0.87317, 0.87136, 0.87085, 0.86845, 0.86482, 0.87303, 0.86546, 0.86297, 0.86241], "train_acc": [0.27922, 0.52445, 0.62299, 0.6717, 0.72345, 0.77597, 0.79641, 0.82582, 0.83804, 0.85581, 0.86975, 0.8835, 0.89018, 0.90126, 0.91234, 0.91176, 0.91769, 0.92513, 0.92571, 0.93545, 0.93984, 0.94633, 0.94977, 0.95378, 0.94939, 0.95875, 0.9597, 0.9639, 0.96658, 0.96467], "val_acc": [0.38399, 0.47059, 0.48203, 0.55229, 0.63562, 0.70752, 0.72549, 0.76471, 0.76144, 0.76961, 0.76961, 0.77288, 0.77941, 0.78105, 0.79248, 0.78431, 0.80229, 0.80556, 0.80719, 0.80392, 0.81536, 0.81863, 0.81863, 0.81209, 0.82353, 0.8268, 0.8219, 0.82516, 0.8317, 0.8268]}}