{"epoch": 25, "best_val_acc": 0.6977124183006536, "patience_cnt": 11, "hist": {"train_loss": [1.69738, 1.31824, 1.1698, 1.11649, 1.06603, 1.02515, 1.00537, 0.98435, 0.97397, 0.95327, 0.93799, 0.92573, 0.92431, 0.8992, 0.90185, 0.89382, 0.88058, 0.86978, 0.866, 0.85892, 0.85198, 0.84547, 0.83712, 0.8351, 0.90084], "val_loss": [1.55429, 1.38719, 1.28617, 1.2476, 1.21648, 1.19213, 1.18106, 1.17353, 1.15646, 1.16752, 1.14746, 1.14682, 1.13873, 1.13599, 1.15792, 1.13095, 1.13352, 1.13748, 1.13856, 1.13809, 1.12918, 1.13467, 1.13333, 1.12441, 1.16091], "train_acc": [0.48969, 0.64439, 0.6927, 0.70894, 0.73453, 0.74752, 0.76394, 0.77024, 0.77502, 0.79163, 0.79545, 0.79756, 0.79908, 0.81073, 0.81016, 0.81933, 0.82238, 0.82964, 0.82869, 0.83843, 0.83766, 0.84129, 0.84091, 0.84492, 0.80978], "val_acc": [0.50327, 0.54575, 0.60621, 0.61765, 0.65523, 0.6634, 0.67647, 0.6781, 0.68954, 0.6781, 0.68137, 0.68791, 0.68627, 0.69771, 0.67647, 0.68954, 0.67647, 0.67484, 0.67647, 0.6683, 0.6781, 0.68137, 0.66993, 0.68301, 0.67647]}}