{"epoch": 23, "best_val_acc": 0.8300653594771242, "patience_cnt": 10, "hist": {"train_loss": [1.04973, 0.72389, 0.61417, 0.56611, 0.54466, 0.51009, 0.51185, 0.50004, 0.49796, 0.49802, 0.49973, 0.49364, 0.48997, 0.48325, 0.48827, 0.47851, 0.47814, 0.48126, 0.47253, 0.46976, 0.46808, 0.46585, 0.46813], "val_loss": [0.99353, 0.97545, 0.92652, 0.93783, 0.9045, 0.93889, 0.93109, 0.88702, 0.90402, 0.94653, 0.93712, 0.92765, 0.88101, 0.92332, 0.91861, 0.96258, 0.9258, 0.98127, 0.9281, 0.91555, 0.9237, 0.96772, 0.91198], "train_acc": [0.72976, 0.89477, 0.94347, 0.96333, 0.96925, 0.98549, 0.98338, 0.98568, 0.9872, 0.98491, 0.98491, 0.98625, 0.98816, 0.99217, 0.99026, 0.99408, 0.99427, 0.99179, 0.99408, 0.99542, 0.99599, 0.99675, 0.99542], "val_acc": [0.75, 0.76961, 0.78922, 0.77778, 0.79085, 0.79902, 0.80719, 0.81863, 0.81046, 0.79739, 0.79248, 0.8219, 0.83007, 0.82516, 0.81699, 0.79902, 0.80882, 0.79412, 0.81863, 0.81863, 0.82516, 0.80882, 0.83007]}}